{"epoch": 1, "g_loss_id": 0.19443832337856293, "g_loss_id_psnt": 1.1921528577804565, "g_loss_cd": 0.10745640099048615, "_runtime": 14, "_timestamp": 1645717055, "_step": 0, "_wandb": {"runtime": 13}}