{"epoch": 33, "g_loss_id": 0.05822954326868057, "g_loss_id_psnt": 0.7754799723625183, "g_loss_cd": 0.1054389625787735, "_runtime": 156, "_timestamp": 1645717279, "_step": 32}